min_sec,max_sec,mean_sec,median_sec
0.3,57.571179138321995,7.647674473142711,4.675918367346939
